,phi2,phi3,phi2_error,phi3_error
0,-3848.6829,-26428.822,417.04553,1223.3892
1,-3245.665,-21196.488,315.98978,1363.6816
2,-1842.36,-24188.947,270.6585,1168.6875
3,-634.8786,-23246.443,242.55019,1443.7057
4,8.314863,-20823.738,212.09534,1543.1152
5,846.8552,-19536.654,278.69757,1621.5552
6,1543.8129,-25109.564,318.23953,1297.8496
7,2670.432,-22011.654,390.86835,1285.988
8,3191.732,-22181.03,325.53915,1507.0388
9,3169.3608,-20781.43,316.17117,995.4139
10,3930.768,-20470.21,272.7856,1041.4701
